Student name,Exam name,Exam date,Marks
James Walker,Biology,05/06/2016,31
Velma Clemons,Biology,05/06/2016,43
Kibo Underwood,Biology,05/06/2016,81
Louis Mcgee,Biology,05/06/2016,11
Phyllis Paul,Biology,05/06/2016,18
Zenaida Decker,Biology,05/06/2016,55
Gillian Tillman,Biology,05/06/2016,38
Constance Boone,Biology,05/06/2016,16
Giselle Lancaster,Biology,05/06/2016,73
Kirsten Mcdowell,Biology,05/06/2016,16
Solomon Ray,Biology,05/06/2016,23
John Marshall,Biology,05/06/2016,55
Merrill Carney,Biology,05/06/2016,71
Hakeem Gillespie,Biology,05/06/2016,12
Hayden Boyer,Biology,05/06/2016,77
Griffin Mcleod,Biology,05/06/2016,19
Allistair Patton,Biology,05/06/2016,57
Rina Slater,Biology,05/06/2016,78
Caldwell Skinner,Biology,05/06/2016,92
Portia Galloway,Biology,05/06/2016,23
Noelle Valentine,Biology,05/06/2016,62
Abel Clay,Biology,05/06/2016,1
Stephanie Kent,Biology,05/06/2016,100
Axel Petty,Biology,05/06/2016,49
Nevada Morales,Biology,05/06/2016,41
Fuller Bush,Biology,05/06/2016,47
Quinn Mayo,Biology,05/06/2016,24
Marcia Shepard,Biology,05/06/2016,33
Kieran Moody,Biology,05/06/2016,45
Brielle Thompson,Biology,05/06/2016,41
Hashim Gay,Biology,05/06/2016,78
Deborah Roberts,Biology,05/06/2016,25
Nomlanga Clarke,Biology,05/06/2016,44
Elaine Downs,Biology,05/06/2016,86
Christen Ballard,Biology,05/06/2016,97
Dacey Baxter,Biology,05/06/2016,35
Nasim Sampson,Biology,05/06/2016,75
Yoshi Sherman,Biology,05/06/2016,48
Veda Malone,Chemistry,15/06/2016,52
Scarlett Fisher,Chemistry,15/06/2016,20
Meredith Parsons,Chemistry,15/06/2016,32
Jerome Buckley,Chemistry,15/06/2016,19
James Walker,Chemistry,15/06/2016,61
Gisela Robertson,Chemistry,15/06/2016,34
Sylvia Kent,Chemistry,15/06/2016,9
Mercedes King,Chemistry,15/06/2016,22
Logan Madden,Chemistry,15/06/2016,46
Ryan Herman,Chemistry,15/06/2016,
Cora Frazier,Chemistry,15/06/2016,92
Yolanda Carter,Chemistry,15/06/2016,1
Hadassah Lowe,Chemistry,15/06/2016,84
Ingrid Yang,Chemistry,15/06/2016,63
Trevor Spence,Chemistry,15/06/2016,59
Iola West,Chemistry,15/06/2016,61
Kitra Sparks,Chemistry,15/06/2016,47
Carly Bray,Chemistry,15/06/2016,27
Leilani Beard,Chemistry,15/06/2016,99
Cameron Bowen,Chemistry,15/06/2016,84
Hilda Oneill,Chemistry,15/06/2016,95
Ori Short,Chemistry,15/06/2016,50
Xandra Cardenas,Chemistry,15/06/2016,27
Audrey Todd,Chemistry,15/06/2016,39
Ferdinand Lloyd,Chemistry,15/06/2016,71
Kareem Mcdowell,Chemistry,15/06/2016,83
Aaron Giles,Chemistry,15/06/2016,38
Keefe Schneider,Mathematics,29/07/2016,48
Kasper Ballard,Mathematics,29/07/2016,5
Maris Turner,Mathematics,29/07/2016,7
Ava Robertson,Mathematics,29/07/2016,70
Gillian Benton,Mathematics,29/07/2016,73
Dora Landry,Mathematics,29/07/2016,59
James Walker,Mathematics,29/07/2016,23
Iola Sutton,Mathematics,29/07/2016,72
Jana Reed,Mathematics,29/07/2016,31
Alfonso Love,Mathematics,29/07/2016,74
Ciaran Mosley,Mathematics,29/07/2016,91
Justin Evans,Mathematics,29/07/2016,53
Ryder Combs,Mathematics,29/07/2016,56
Nelle Skinner,Mathematics,29/07/2016,
Jakeem Rivera,Mathematics,29/07/2016,100
Hyatt Long,Mathematics,29/07/2016,50
Tanisha Stanton,Mathematics,29/07/2016,60
Alec Pittman,Mathematics,29/07/2016,38
Octavia Ashley,Mathematics,29/07/2016,33
Curran Merrill,Mathematics,29/07/2016,75
Laith Gibbs,Mathematics,29/07/2016,74
Walter Skinner,Mathematics,29/07/2016,7
Burke Horn,Mathematics,29/07/2016,6
Alexander Walton,Mathematics,29/07/2016,40
Cally Wilkinson,Mathematics,29/07/2016,14
Gary Mcintosh,Mathematics,29/07/2016,16
Jacob Greer,Mathematics,29/07/2016,31
Fitzgerald Mueller,Mathematics,29/07/2016,72
Claire Roberts,Mathematics,29/07/2016,48
Kuame Harrell,Mathematics,29/07/2016,53
Kaseem Hurst,Mathematics,29/07/2016,67
Irene Witt,Mathematics,29/07/2016,23
Courtney Nash,Mathematics,29/07/2016,90
Lane Torres,Mathematics,29/07/2016,87
Jonas Vinson,Mathematics,29/07/2016,40
Burton Holden,Mathematics,29/07/2016,26
Connor Shaw,Mathematics,29/07/2016,51
Calvin Riddle,Philosophy,02/06/2016,35
Tara Mendez,Philosophy,02/06/2016,66
Myra Wall,Philosophy,02/06/2016,
Pandora Orr,Philosophy,02/06/2016,91
Stuart Crawford,Philosophy,02/06/2016,63
Winter Mendez,Philosophy,02/06/2016,16
Elijah Goff,Philosophy,02/06/2016,10
Chiquita Gilmore,Philosophy,02/06/2016,23
Eleanor Gregory,Philosophy,02/06/2016,72
Justine Soto,Philosophy,02/06/2016,93
Stuart Mcdaniel,Philosophy,02/06/2016,10
Shaeleigh Dunlap,Philosophy,02/06/2016,99
Lesley Bolton,Philosophy,02/06/2016,67
Shellie Davis,Philosophy,02/06/2016,81
Tarik Jarvis,Philosophy,02/06/2016,40
Adria Ball,Philosophy,02/06/2016,23
Daryl Tillman,Philosophy,02/06/2016,65
Magee Tate,Philosophy,02/06/2016,24
Jordan Beasley,Philosophy,02/06/2016,62
Dalton Becker,Philosophy,02/06/2016,41
Derek Burnett,Philosophy,02/06/2016,42
Halla Little,Philosophy,02/06/2016,8
Lani Pate,Philosophy,02/06/2016,91
Moses Chang,Philosophy,02/06/2016,69
Travis Weeks,Philosophy,02/06/2016,47
Nichole Ortega,Philosophy,02/06/2016,0
Hasad Berger,Philosophy,02/06/2016,42
Galvin Hall,Philosophy,02/06/2016,65
Kieran English,Philosophy,02/06/2016,42
Ella Dunn,Philosophy,02/06/2016,32
Jermaine Roman,Philosophy,02/06/2016,33
Chadwick Armstrong,Philosophy,02/06/2016,4
Rhonda Ellis,Philosophy,02/06/2016,27
Ezra Brooks,Philosophy,02/06/2016,56
Jessamine Trevino,Philosophy,02/06/2016,36
Chaim Garrison,Philosophy,02/06/2016,51
Bo Leonard,Philosophy,02/06/2016,71
May Christian,Philosophy,02/06/2016,52
Ashton Nicholson,Physics,10/06/2016,69
Solomon Rollins,Physics,10/06/2016,95
Wesley Jacobson,Physics,10/06/2016,33
Laura Gomez,Physics,10/06/2016,76
Cora Fuentes,Physics,10/06/2016,20
Deirdre Flowers,Physics,10/06/2016,10
Yen Rutledge,Physics,10/06/2016,67
Vladimir Delgado,Physics,10/06/2016,80
Hedley Brewer,Physics,10/06/2016,22
Lillian Massey,Physics,10/06/2016,8
James Walker,Physics,10/06/2016,100
Raja Conley,Physics,10/06/2016,49
Xavier Coffey,Physics,10/06/2016,70
Ian Sawyer,Physics,10/06/2016,86
Branden Hansen,Physics,10/06/2016,15
Yoshio Schultz,Physics,10/06/2016,95
Jamal Mercado,Physics,10/06/2016,67
Ishmael Zamora,Physics,10/06/2016,20
Kristen Potter,Physics,10/06/2016,31
Unity Rodriquez,Physics,10/06/2016,48
Mia Barry,Physics,10/06/2016,26
Vincent Byers,Sociology,21/06/2016,70
Rogan Edwards,Sociology,21/06/2016,37
Darrel Wallace,Sociology,21/06/2016,68
Colin Adkins,Sociology,21/06/2016,60
Hop Cantu,Sociology,21/06/2016,98
Nita Valdez,Sociology,21/06/2016,20
Georgia Gomez,Sociology,21/06/2016,32
Shannon Fields,Sociology,21/06/2016,40
Jennifer Keith,Sociology,21/06/2016,97
Keane Cox,Sociology,21/06/2016,1
Sage Foster,Sociology,21/06/2016,6
Ezra Hoover,Sociology,21/06/2016,39
Burton Burke,Sociology,21/06/2016,68
Preston Barrera,Sociology,21/06/2016,37
Octavia Monroe,Sociology,21/06/2016,37
Kirestin Sweet,Sociology,21/06/2016,90
Octavius Chambers,Sociology,21/06/2016,38
Grady Decker,Sociology,21/06/2016,87
Jenette Humphrey,Sociology,21/06/2016,45
James Walker,Sociology,21/06/2016,73
Mohammad Cantrell,Sociology,21/06/2016,36
Alma Richmond,Sociology,21/06/2016,35
Galena Mayer,Sociology,21/06/2016,85
Reese Black,Sociology,21/06/2016,7
Phillip Ward,Sociology,21/06/2016,67
Priscilla Higgins,Sociology,21/06/2016,80
Yael Trujillo,Sociology,21/06/2016,55
Demetrius Castaneda,,21/06/2016,67
Todd Dillard,Sociology,21/06/2016,67
Noelle Marsh,Sociology,21/06/2016,27
Akeem Chan,Sociology,21/06/2016,94
Victoria Long,Sociology,21/06/2016,96
Brooke Zimmerman,Sociology,21/06/2016,99
Cadman Greene,Sociology,21/06/2016,64
Yen Bowers,Sociology,21/06/2016,52
Ryan Pena,Sociology,21/06/2016,16
Portia Hamilton,Sociology,21/06/2016,34
Sydnee Chambers,Sociology,21/06/2016,76
Stacy Small,Sociology,21/06/2016,96
